1;Rui;Masculino;1;1
2;Joaquim;Masculino;2;2
3;Peter;Masculino;3;3
4;Iara;Feminino;4;4
5;Pedro;Masculino;5;5
6;Teste;Feminino;6;6
1500;testecol;Masculino;0;0
11;Teste;Masculino;11;11
12;Teste_2;Feminino;12;12
13;Teste_3;Feminino;13;13
15;Teste_3;Feminino;15;15
14;Teste 4;Masculino;14;14
1;ababa;Masculino;123;321
123123;asdasdasd;Masculino;123123;321321
43;qwe;Masculino;123;321
50;Teste New Branch;Masculino;123456789;123456789
150;Rui Maia Final Teste;Masculino;123321123;321123321
123124;Teste ID Automatico;Masculino;123124000;123124000
123125;Rui Maia teste Id auto ;Masculino;123125000;912123123
